movieid	avg_rating	tags
1945	4.10945273631841	[{'id': 936, 'name': 'loss of mother'}, {'id': 1578, 'name': 'loss of sister'}, {'id': 1608, 'name': 'twin sister'}, {'id': 1646, 'name': 'autism'}, {'id': 1889, 'name': 'lake'}, {'id': 2171, 'name': 'kaspar-hauser-syndrom'}, {'id': 5650, 'name': 'feral child'}, {'id': 5774, 'name': 'forest'}, {'id': 5922, 'name': 'north carolina'}, {'id': 11268, 'name': 'psychologist'}, {'id': 18035, 'name': 'family'}]
527	4.24126213592233	[{'id': 30, 'name': 'individual'}, {'id': 100, 'name': 'slum'}, {'id': 236, 'name': 'suicide'}, {'id': 331, 'name': 'tattoo'}, {'id': 567, 'name': 'alcohol'}, {'id': 570, 'name': 'rape'}, {'id': 941, 'name': 'tradition'}, {'id': 1452, 'name': 'loss of child'}, {'id': 1551, 'name': 'indigenous'}, {'id': 2300, 'name': 'despair'}, {'id': 2320, 'name': 'violent husband'}, {'id': 2394, 'name': 'ghetto'}, {'id': 2658, 'name': 'new zealand'}, {'id': 2659, 'name': 'maori'}, {'id': 2660, 'name': 'strong woman'}, {'id': 2663, 'name': 'lack of prospects'}, {'id': 2667, 'name': 'maori tradition'}, {'id': 3739, 'name': 'funeral'}, {'id': 6267, 'name': 'approved school '}, {'id': 9986, 'name': 'crush'}, {'id': 10183, 'name': 'independent film'}, {'id': 10508, 'name': 'teacher'}, {'id': 10766, 'name': 'youth gang'}, {'id': 11925, 'name': 'domestic violence'}, {'id': 14819, 'name': 'violence'}, {'id': 15158, 'name': 'rebellious youth'}, {'id': 15237, 'name': 'alcohol abuse'}, {'id': 33841, 'name': 'incest'}, {'id': 156052, 'name': 'unemployment'}]
306	4.15625	[{'id': 703, 'name': 'detective'}, {'id': 1568, 'name': 'undercover'}, {'id': 3016, 'name': 'security camera'}, {'id': 4230, 'name': 'carousel '}, {'id': 5340, 'name': 'investigation'}, {'id': 6110, 'name': 'weapon'}, {'id': 9663, 'name': 'sequel'}, {'id': 10084, 'name': 'rescue'}, {'id': 10889, 'name': 'counterfeit'}, {'id': 10950, 'name': 'shootout'}, {'id': 11719, 'name': 'dirty cop'}, {'id': 12371, 'name': 'gunfight'}, {'id': 12670, 'name': 'los angeles'}, {'id': 14601, 'name': 'explosion'}, {'id': 14819, 'name': 'violence'}, {'id': 14967, 'name': 'foot chase'}, {'id': 15124, 'name': 'framed'}, {'id': 15483, 'name': 'car chase'}, {'id': 41249, 'name': 'secret service'}, {'id': 155582, 'name': 'amusement park'}, {'id': 156768, 'name': 'roller coaster'}, {'id': 163047, 'name': 'beverly hills'}, {'id': 167541, 'name': 'buddy comedy'}]
2019	4.29753086419753	[{'id': 2411, 'name': 'new orleans'}, {'id': 3070, 'name': 'mercenary'}, {'id': 4323, 'name': 'hunting human beings'}, {'id': 10594, 'name': 'money'}, {'id': 13017, 'name': 'drifter'}, {'id': 15137, 'name': 'union'}, {'id': 41599, 'name': 'sailor'}, {'id': 207678, 'name': 'human prey'}]
858	4.33858042358329	"[{'id': 494, 'name': 'father son relationship'}, {'id': 725, 'name': 'lovesickness'}, {'id': 736, 'name': 'journalist'}, {'id': 936, 'name': 'loss of mother'}, {'id': 1014, 'name': 'loss of lover'}, {'id': 1224, 'name': 'radio station'}, {'id': 1441, 'name': 'christmas party'}, {'id': 2038, 'name': ""love of one's life""}, {'id': 2135, 'name': 'radio'}, {'id': 2350, 'name': 'seattle'}, {'id': 2672, 'name': 'baltimore'}, {'id': 2687, 'name': 'fiancé'}, {'id': 3740, 'name': 'radio presenter'}, {'id': 3800, 'name': 'airplane'}, {'id': 4305, 'name': 'radio transmission'}, {'id': 4306, 'name': 'observation deck'}, {'id': 6054, 'name': 'friendship'}, {'id': 6059, 'name': 'unsociability'}, {'id': 187056, 'name': 'woman director'}]"
922	4.1792828685259	[{'id': 798, 'name': 'sheriff'}, {'id': 800, 'name': 'bounty'}, {'id': 801, 'name': 'bounty hunter'}, {'id': 1419, 'name': 'gun'}, {'id': 2013, 'name': 'attempted murder'}, {'id': 3246, 'name': 'prosecution'}, {'id': 3731, 'name': 'illness and injury'}, {'id': 3737, 'name': 'dying and death'}, {'id': 9454, 'name': 'frontier'}, {'id': 9826, 'name': 'murder'}, {'id': 12999, 'name': 'black and white'}, {'id': 207928, 'name': '19th century'}, {'id': 222114, 'name': 'fear of dying'}, {'id': 231680, 'name': 'wanted dead or alive'}]
1939	4.2	[{'id': 703, 'name': 'detective'}, {'id': 1523, 'name': 'obsession'}, {'id': 5340, 'name': 'investigation'}, {'id': 5918, 'name': 'painting'}, {'id': 5920, 'name': 'advertising expert'}, {'id': 9826, 'name': 'murder'}, {'id': 9840, 'name': 'romance'}, {'id': 9937, 'name': 'suspense'}, {'id': 14780, 'name': 'investigator'}, {'id': 33632, 'name': 'apartment'}, {'id': 155436, 'name': 'classic noir'}]
260	4.14332748024583	[{'id': 212, 'name': 'london england'}, {'id': 388, 'name': 'scotland'}, {'id': 770, 'name': 'scotland yard'}, {'id': 772, 'name': 'handcuffs'}, {'id': 1328, 'name': 'secret'}, {'id': 1491, 'name': 'entertainer'}, {'id': 2051, 'name': 'intelligence'}, {'id': 2311, 'name': 'cabaret'}, {'id': 4289, 'name': 'secret agent'}, {'id': 9826, 'name': 'murder'}, {'id': 10718, 'name': 'fugitive'}, {'id': 13008, 'name': 'train'}, {'id': 218567, 'name': 'memorization'}, {'id': 226499, 'name': 'manhunt'}, {'id': 236566, 'name': 'handcuffed together'}, {'id': 236567, 'name': 'held against will'}, {'id': 236568, 'name': 'bickering couple'}, {'id': 236569, 'name': 'wrongly accused'}]
947	4.25	[{'id': 487, 'name': 'cairo'}, {'id': 1975, 'name': 'arabian'}, {'id': 2504, 'name': 'world war i'}, {'id': 2673, 'name': 'horse'}, {'id': 3575, 'name': 'jerusalem'}, {'id': 4100, 'name': 'british army'}, {'id': 4107, 'name': 'british empire'}, {'id': 4535, 'name': 'damascus'}, {'id': 4717, 'name': 'camel'}, {'id': 6091, 'name': 'war'}, {'id': 18034, 'name': 'desert'}, {'id': 173259, 'name': 'arab'}, {'id': 214410, 'name': 'ottoman empire'}]
903	4.1312625250501	[{'id': 378, 'name': 'prison'}, {'id': 526, 'name': 'rebel'}, {'id': 936, 'name': 'loss of mother'}, {'id': 2539, 'name': 'harassment'}, {'id': 2883, 'name': 'imprisonment'}, {'id': 3737, 'name': 'dying and death'}, {'id': 4487, 'name': 'boxing match'}, {'id': 10685, 'name': 'escape'}, {'id': 11246, 'name': 'barbed wire'}, {'id': 11430, 'name': 'punched in the face'}, {'id': 12605, 'name': 'eggs'}, {'id': 34079, 'name': 'death'}]
910	4.09214092140921	[{'id': 351, 'name': 'poison'}, {'id': 395, 'name': 'gambling'}, {'id': 703, 'name': 'detective'}, {'id': 9937, 'name': 'suspense'}, {'id': 12670, 'name': 'los angeles'}, {'id': 14964, 'name': 'drug'}, {'id': 155436, 'name': 'classic noir'}, {'id': 155790, 'name': 'private detective'}, {'id': 155851, 'name': 'book store'}, {'id': 155860, 'name': 'philip marlowe'}, {'id': 156091, 'name': 'missing person'}, {'id': 195402, 'name': 'film noir'}]
1281	4.09558823529412	[{'id': 90, 'name': 'paris'}, {'id': 212, 'name': 'london england'}, {'id': 387, 'name': 'california'}, {'id': 822, 'name': 'airport'}, {'id': 1953, 'name': 'vault'}, {'id': 2535, 'name': 'destroy'}, {'id': 2598, 'name': 'museum'}, {'id': 3675, 'name': 'arts and culture'}, {'id': 4630, 'name': 'chaos'}, {'id': 4826, 'name': 'repair'}, {'id': 5347, 'name': 'clumsy fellow'}, {'id': 5369, 'name': 'guard'}, {'id': 5370, 'name': 'arts expert'}, {'id': 5372, 'name': 'host family'}, {'id': 5373, 'name': 'damage'}, {'id': 5374, 'name': 'poster'}, {'id': 5375, 'name': 'artwork'}, {'id': 5376, 'name': 'creativity'}, {'id': 5918, 'name': 'painting'}, {'id': 11612, 'name': 'hospital'}, {'id': 12670, 'name': 'los angeles'}, {'id': 155582, 'name': 'amusement park'}, {'id': 163242, 'name': 'teenage rebellion'}, {'id': 215404, 'name': 'laxative'}]
926	4.19936708860759	[{'id': 2902, 'name': 'space battle'}, {'id': 9831, 'name': 'spaceship'}, {'id': 11931, 'name': 'spoof'}, {'id': 179781, 'name': 'fictional tv show'}]
678	4.171875	[{'id': 703, 'name': 'detective'}, {'id': 1415, 'name': 'small town'}, {'id': 1420, 'name': 'gas station'}, {'id': 1635, 'name': 'deaf-mute'}, {'id': 1660, 'name': 'suppressed past'}, {'id': 9016, 'name': 'femme fatale'}, {'id': 9104, 'name': 'partner'}, {'id': 9758, 'name': 'deception'}, {'id': 11435, 'name': 'briefcase'}, {'id': 13142, 'name': 'gangster'}, {'id': 33456, 'name': 'double cross'}, {'id': 155436, 'name': 'classic noir'}, {'id': 177362, 'name': 'tax evasion'}, {'id': 180172, 'name': 'framed for murder'}, {'id': 195402, 'name': 'film noir'}]
5971	4.14363636363636	[{'id': 378, 'name': 'prison'}, {'id': 1563, 'name': 'prisoner'}, {'id': 10183, 'name': 'independent film'}]
3035	4.16197183098592	[{'id': 657, 'name': 'fire'}, {'id': 1299, 'name': 'monster'}, {'id': 1706, 'name': 'experiment'}, {'id': 6737, 'name': 'frankenstein'}, {'id': 10124, 'name': 'laboratory'}, {'id': 10770, 'name': 'mad doctor'}, {'id': 14659, 'name': 'girl'}, {'id': 155489, 'name': 'classic horror'}, {'id': 157741, 'name': 'body part'}, {'id': 210714, 'name': 'villager'}]
745	4.15984654731458	[{'id': 516, 'name': 'child abuse'}, {'id': 1335, 'name': 'sense of guilt'}, {'id': 1452, 'name': 'loss of child'}, {'id': 2246, 'name': 'confidence'}, {'id': 2800, 'name': 'psychology'}, {'id': 3737, 'name': 'dying and death'}, {'id': 5809, 'name': 'marriage crisis'}, {'id': 6155, 'name': 'afterlife'}, {'id': 9457, 'name': 'single'}, {'id': 11627, 'name': 'paranormal phenomena'}, {'id': 13001, 'name': 'cowardliness'}, {'id': 208349, 'name': 'child'}, {'id': 210530, 'name': 'spiritism'}]
913	4.20899470899471	[{'id': 159520, 'name': 'martinique'}, {'id': 159521, 'name': 'claude monet'}, {'id': 159523, 'name': 'famous painting'}, {'id': 159529, 'name': 'glider'}, {'id': 159531, 'name': 'insurance agent'}, {'id': 159532, 'name': 'missing painting'}, {'id': 159534, 'name': 'stolen painting'}, {'id': 159538, 'name': 'valuable painting'}, {'id': 159539, 'name': 'rich people'}]
912	4.17749160134379	[{'id': 930, 'name': 'in love with enemy'}, {'id': 3607, 'name': 'hold-up robbery'}, {'id': 3925, 'name': 'boredom'}, {'id': 3973, 'name': 'insurance salesman'}, {'id': 4480, 'name': 'business man'}, {'id': 4617, 'name': 'insurance fraud'}, {'id': 4812, 'name': 'plan'}, {'id': 10051, 'name': 'heist'}, {'id': 14604, 'name': 'theft'}, {'id': 33626, 'name': 'millionaire'}]
1213	4.1990099009901	[{'id': 110, 'name': 'venice'}, {'id': 131, 'name': 'italy'}, {'id': 237, 'name': 'gay'}, {'id': 242, 'name': 'new york'}, {'id': 725, 'name': 'lovesickness'}, {'id': 848, 'name': 'double life'}, {'id': 851, 'name': 'dual identity'}, {'id': 931, 'name': 'jealousy'}, {'id': 1308, 'name': 'secret identity'}, {'id': 1605, 'name': 'new love'}, {'id': 1849, 'name': 'homicide'}, {'id': 1913, 'name': 'atlantic ocean'}, {'id': 2547, 'name': 'new identity'}, {'id': 3152, 'name': 'planned murder'}, {'id': 3246, 'name': 'prosecution'}, {'id': 3342, 'name': 'yacht'}, {'id': 3799, 'name': 'ship'}, {'id': 3843, 'name': 'inferiority'}, {'id': 3864, 'name': 'false identity'}, {'id': 4214, 'name': 'beguilement'}, {'id': 4951, 'name': 'rejection'}, {'id': 4952, 'name': 'inferiority complex'}, {'id': 4953, 'name': 'ocean liner'}, {'id': 6054, 'name': 'friendship'}, {'id': 10180, 'name': 'homosexuality'}, {'id': 10329, 'name': 'wealth'}, {'id': 13001, 'name': 'cowardliness'}, {'id': 155624, 'name': 'envy'}]
593	4.16660063391442	[{'id': 1228, 'name': '1970s'}, {'id': 1565, 'name': 'loss of sense of reality'}, {'id': 1603, 'name': 'extraterrestrial technology'}, {'id': 2117, 'name': 'subconsciousness'}, {'id': 2808, 'name': 'russian'}, {'id': 3298, 'name': 'hallucination'}, {'id': 3801, 'name': 'space travel'}, {'id': 14626, 'name': 'astronaut'}, {'id': 157938, 'name': 'soviet'}]
541	4.11649214659686	[{'id': 378, 'name': 'prison'}, {'id': 383, 'name': 'poker'}, {'id': 395, 'name': 'gambling'}, {'id': 1001, 'name': 'underground world'}, {'id': 1335, 'name': 'sense of guilt'}, {'id': 1416, 'name': 'jazz'}, {'id': 2231, 'name': 'drug dealer'}, {'id': 2367, 'name': 'rehabilitation'}, {'id': 2375, 'name': 'junkie'}, {'id': 2564, 'name': 'wheelchair'}, {'id': 2619, 'name': 'suspicion of murder'}, {'id': 2694, 'name': 'cold turkey'}, {'id': 2695, 'name': 'ex-lover'}, {'id': 2696, 'name': 'drums'}, {'id': 6255, 'name': 'insanity'}]
911	4.13805970149254	[{'id': 279, 'name': 'usa'}, {'id': 387, 'name': 'california'}, {'id': 5600, 'name': 'daughter'}, {'id': 15363, 'name': 'bank robbery'}, {'id': 15483, 'name': 'car chase'}, {'id': 33457, 'name': 'alcoholic'}, {'id': 41180, 'name': 'security guard'}, {'id': 191845, 'name': 'bank heist'}]
318	4.41414859580519	[{'id': 612, 'name': 'hotel'}, {'id': 2246, 'name': 'confidence'}, {'id': 2375, 'name': 'junkie'}, {'id': 3096, 'name': 'book'}, {'id': 6054, 'name': 'friendship'}, {'id': 6255, 'name': 'insanity'}, {'id': 12670, 'name': 'los angeles'}, {'id': 14964, 'name': 'drug'}, {'id': 18525, 'name': 'fbi agent'}]
111	4.08911419423693	[{'id': 416, 'name': 'miami'}, {'id': 417, 'name': 'corruption'}, {'id': 592, 'name': 'capitalism'}, {'id': 701, 'name': 'cuba'}, {'id': 947, 'name': 'prohibition'}, {'id': 1155, 'name': 'brother sister relationship'}, {'id': 1578, 'name': 'loss of sister'}, {'id': 2150, 'name': 'cocaine'}, {'id': 34117, 'name': 'cult film'}, {'id': 157223, 'name': 'bitterness'}]
1734	4.08490566037736	[{'id': 5153, 'name': 'son'}, {'id': 157894, 'name': 'ancient egypt'}, {'id': 163306, 'name': 'bracelet'}]
4973	4.11494252873563	[{'id': 966, 'name': 'beach'}, {'id': 1157, 'name': 'wife husband relationship'}, {'id': 1647, 'name': 'sadness'}, {'id': 10941, 'name': 'disappearance'}]
1089	4.10931558935361	[{'id': 1524, 'name': 'surfer'}, {'id': 1568, 'name': 'undercover'}, {'id': 1669, 'name': 'wave'}, {'id': 1671, 'name': 'surfboard'}, {'id': 1824, 'name': 'self-destruction'}, {'id': 2796, 'name': 'self-discovery'}, {'id': 4300, 'name': 'parachute'}, {'id': 4668, 'name': 'police operation'}, {'id': 4679, 'name': 'parachuting'}, {'id': 4690, 'name': 'moral conflict'}, {'id': 12670, 'name': 'los angeles'}, {'id': 18525, 'name': 'fbi agent'}, {'id': 187056, 'name': 'woman director'}]
3134	4.3859649122807	"[{'id': 254, 'name': 'france'}, {'id': 570, 'name': 'rape'}, {'id': 2316, 'name': ""women's sexual identity""}, {'id': 9748, 'name': 'revenge'}, {'id': 9826, 'name': 'murder'}, {'id': 10183, 'name': 'independent film'}, {'id': 12420, 'name': 'unsimulated sex'}, {'id': 14536, 'name': 'crime'}, {'id': 14819, 'name': 'violence'}, {'id': 156433, 'name': 'explicit sex'}, {'id': 187056, 'name': 'woman director'}, {'id': 224663, 'name': 'new french extremism'}]"
98491	4.25438596491228	[{'id': 9180, 'name': 'yorkshire'}]
4993	4.12306811677161	[{'id': 383, 'name': 'poker'}, {'id': 9826, 'name': 'murder'}, {'id': 180397, 'name': 'cementery'}, {'id': 180398, 'name': 'cheating at cards'}]
608	4.09511731135067	[{'id': 83, 'name': 'saving the world'}, {'id': 1308, 'name': 'secret identity'}, {'id': 1381, 'name': 'sun glasses'}, {'id': 1568, 'name': 'undercover'}, {'id': 1826, 'name': 'space marine'}, {'id': 2173, 'name': 'illegal immigration'}, {'id': 2428, 'name': 'deportation'}, {'id': 2547, 'name': 'new identity'}, {'id': 3243, 'name': 'flying saucer'}, {'id': 3760, 'name': 'light'}, {'id': 6112, 'name': 'firearm'}, {'id': 9951, 'name': 'alien'}, {'id': 174915, 'name': 'fictional government agency'}]
6016	4.22054140127389	[{'id': 585, 'name': 'casino'}, {'id': 660, 'name': 'monte carlo'}, {'id': 5918, 'name': 'painting'}, {'id': 9728, 'name': 'caper'}, {'id': 10183, 'name': 'independent film'}, {'id': 159343, 'name': 'heist movie'}]
296	4.19820679130103	[{'id': 83, 'name': 'saving the world'}, {'id': 310, 'name': 'artificial intelligence'}, {'id': 312, 'name': 'man vs machine'}, {'id': 679, 'name': 'cyborg'}, {'id': 1373, 'name': 'killer robot'}, {'id': 1381, 'name': 'sun glasses'}, {'id': 2650, 'name': 'leather jacket'}, {'id': 2651, 'name': 'nanotechnology'}, {'id': 2732, 'name': 'rocket launcher'}, {'id': 2733, 'name': 'firemen'}, {'id': 2735, 'name': 'veterinarian'}, {'id': 2736, 'name': 'fire engine'}, {'id': 4565, 'name': 'dystopia'}, {'id': 15106, 'name': 'psychiatrist'}]
3089	4.09920634920635	[{'id': 1556, 'name': 'texas'}, {'id': 3851, 'name': 'dangerous'}, {'id': 7658, 'name': 'kansas'}, {'id': 9656, 'name': 'cattle drive'}, {'id': 9748, 'name': 'revenge'}, {'id': 15225, 'name': 'cattle'}, {'id': 185927, 'name': 'adopted child'}, {'id': 208505, 'name': 'cattle empire'}]
951	4.13671875	[{'id': 853, 'name': 'crime fighter'}, {'id': 1650, 'name': 'cook'}, {'id': 2231, 'name': 'drug dealer'}, {'id': 3737, 'name': 'dying and death'}, {'id': 4590, 'name': 'kindergarten'}, {'id': 5091, 'name': 'kiss'}, {'id': 6149, 'name': 'police'}, {'id': 10508, 'name': 'teacher'}, {'id': 214555, 'name': 'children education'}]
3022	4.17808219178082	[{'id': 848, 'name': 'double life'}, {'id': 155489, 'name': 'classic horror'}, {'id': 156033, 'name': 'jekyll and hyde'}]
923	4.10062893081761	[{'id': 720, 'name': 'helicopter'}, {'id': 1774, 'name': 'news broadcast'}, {'id': 3431, 'name': 'materialism'}, {'id': 3544, 'name': 'machete'}, {'id': 4197, 'name': 'bite'}, {'id': 4630, 'name': 'chaos'}, {'id': 4632, 'name': 'martial law'}, {'id': 4633, 'name': 'state of emergency'}, {'id': 4634, 'name': 'rock gang'}, {'id': 4884, 'name': 'infection'}, {'id': 6092, 'name': 'army'}, {'id': 6951, 'name': 'biker'}, {'id': 9276, 'name': 'truck'}, {'id': 10292, 'name': 'gore'}, {'id': 12377, 'name': 'zombie'}, {'id': 14736, 'name': 'motorcycle gang'}, {'id': 14819, 'name': 'violence'}, {'id': 157598, 'name': 'store'}, {'id': 157690, 'name': 'mall'}, {'id': 193594, 'name': 'pittsburgh'}]
905	4.25	[{'id': 212, 'name': 'london england'}, {'id': 585, 'name': 'casino'}, {'id': 893, 'name': 'irony'}, {'id': 3691, 'name': 'forbidden love'}, {'id': 4549, 'name': 'loss of husband'}, {'id': 14872, 'name': 'reward'}, {'id': 154802, 'name': 'silent film'}]
750	4.22280701754386	[{'id': 351, 'name': 'poison'}, {'id': 1610, 'name': 'country estate'}, {'id': 1735, 'name': 'amateur detective'}, {'id': 1752, 'name': 'detective inspector'}, {'id': 2702, 'name': 'golf'}, {'id': 3864, 'name': 'false identity'}, {'id': 3865, 'name': 'employment agency'}, {'id': 198096, 'name': 'miss marple'}, {'id': 207046, 'name': 'murder mystery'}]
5618	4.21770682148041	[{'id': 293, 'name': 'female nudity'}, {'id': 4438, 'name': 'cousin'}, {'id': 6054, 'name': 'friendship'}, {'id': 13027, 'name': 'wedding'}]
1280	4.14077669902913	"[{'id': 128, 'name': 'love triangle'}, {'id': 378, 'name': 'prison'}, {'id': 931, 'name': 'jealousy'}, {'id': 1157, 'name': 'wife husband relationship'}, {'id': 1437, 'name': 'burglar'}, {'id': 2038, 'name': ""love of one's life""}, {'id': 2320, 'name': 'violent husband'}, {'id': 2702, 'name': 'golf'}, {'id': 2863, 'name': 'mannequin'}, {'id': 5318, 'name': 'seoul'}]"
950	4.13425925925926	[{'id': 2078, 'name': 'mammoth'}, {'id': 2079, 'name': 'sloth'}, {'id': 2219, 'name': 'ice age'}, {'id': 2223, 'name': 'barrier ice'}, {'id': 2224, 'name': 'ice melting'}, {'id': 2984, 'name': 'iceberg'}, {'id': 3528, 'name': 'flooding'}, {'id': 4414, 'name': 'adventure'}, {'id': 4663, 'name': 'lovers'}, {'id': 4875, 'name': 'deluge'}, {'id': 158017, 'name': 'saber-toothed tiger'}]
1251	4.10267857142857	[{'id': 1956, 'name': 'world war ii'}, {'id': 1964, 'name': 'cave'}, {'id': 3737, 'name': 'dying and death'}, {'id': 161246, 'name': 'pacific theater'}, {'id': 170007, 'name': 'japanese army'}, {'id': 188727, 'name': 'imperial japan'}]
1248	4.26490066225166	[{'id': 1442, 'name': 'winter'}, {'id': 6259, 'name': 'psychopath'}, {'id': 8087, 'name': 'horror'}, {'id': 10714, 'name': 'serial killer'}]
1252	4.17472118959108	[{'id': 428, 'name': 'nurse'}, {'id': 515, 'name': 'women'}, {'id': 703, 'name': 'detective'}, {'id': 1156, 'name': 'sister sister relationship'}, {'id': 1664, 'name': 'eroticism'}, {'id': 3182, 'name': 'seduction'}, {'id': 4115, 'name': 'longing'}, {'id': 4654, 'name': 'undercover agent'}, {'id': 4942, 'name': 'victim of murder'}, {'id': 5332, 'name': 'greed'}, {'id': 5444, 'name': 'lonely hearts ad'}, {'id': 5446, 'name': 'observer'}, {'id': 9016, 'name': 'femme fatale'}, {'id': 9957, 'name': 'loneliness'}]
1250	4.08214285714286	"[{'id': 3684, 'name': 'religion and supernatural'}, {'id': 3737, 'name': 'dying and death'}, {'id': 4084, 'name': ""devil's son""}, {'id': 5280, 'name': 'ghost world'}, {'id': 5452, 'name': 'stunts'}, {'id': 5454, 'name': 'flame'}, {'id': 9717, 'name': 'based on comic'}, {'id': 15001, 'name': 'demon'}]"
1267	4.08823529411765	[{'id': 83, 'name': 'saving the world'}, {'id': 1720, 'name': 'tyrannosaurus rex'}, {'id': 2393, 'name': 'adoption'}, {'id': 2964, 'name': 'future'}, {'id': 4379, 'name': 'time travel'}, {'id': 5455, 'name': 'time machine'}, {'id': 5457, 'name': 'mythical creature'}, {'id': 6054, 'name': 'friendship'}, {'id': 12392, 'name': 'best friend'}, {'id': 18031, 'name': 'rescue team'}, {'id': 18035, 'name': 'family'}]
1950	4.07627118644068	[{'id': 383, 'name': 'poker'}, {'id': 6075, 'name': 'sport'}, {'id': 14570, 'name': 'las vegas'}]
2959	4.22423245614035	[{'id': 1605, 'name': 'new love'}, {'id': 2856, 'name': 'ten commandments'}, {'id': 3582, 'name': 'bride'}, {'id': 3583, 'name': 'bridegroom'}, {'id': 6038, 'name': 'marriage'}, {'id': 6192, 'name': 'relation'}, {'id': 6281, 'name': 'partnership'}, {'id': 6704, 'name': 'civil registry office'}, {'id': 10093, 'name': 'priest'}, {'id': 13027, 'name': 'wedding'}, {'id': 14765, 'name': 'church'}]
31658	4.071875	[{'id': 5074, 'name': 'wyatt earp'}, {'id': 9550, 'name': 'doc holliday'}, {'id': 9748, 'name': 'revenge'}, {'id': 160583, 'name': 'western town'}, {'id': 185461, 'name': 'bar shootout'}]
2973	4.125	[{'id': 839, 'name': 'mars'}]
1284	4.25	[{'id': 703, 'name': 'detective'}, {'id': 2534, 'name': 'missile'}, {'id': 6433, 'name': 'roulette'}, {'id': 6434, 'name': 'marbella'}]
3007	4.12658227848101	[{'id': 305, 'name': 'moon'}, {'id': 2964, 'name': 'future'}, {'id': 3801, 'name': 'space travel'}]
44555	4.1522491349481	[]
1254	4.27142857142857	"[{'id': 128, 'name': 'love triangle'}, {'id': 254, 'name': 'france'}, {'id': 963, 'name': 'loss of brother'}, {'id': 970, 'name': 'parent child relationship'}, {'id': 1155, 'name': 'brother sister relationship'}, {'id': 2251, 'name': 'lie'}, {'id': 2982, 'name': ""leaving one's family""}, {'id': 4299, 'name': 'normandy'}, {'id': 6298, 'name': 'postcard'}, {'id': 6438, 'name': 'anorexia'}, {'id': 14751, 'name': 'youth'}, {'id': 15016, 'name': 'twins'}, {'id': 18035, 'name': 'family'}]"
3030	4.27685950413223	[{'id': 1499, 'name': 'pastor'}, {'id': 9951, 'name': 'alien'}]
4226	4.16509062253743	[{'id': 9755, 'name': 'parody'}, {'id': 9826, 'name': 'murder'}, {'id': 12105, 'name': 'student'}, {'id': 12339, 'name': 'slasher'}, {'id': 13124, 'name': 'scream'}, {'id': 13160, 'name': 'university'}]
1260	4.22402597402597	[]
2186	4.15	[{'id': 13209, 'name': 'cabin in the woods'}, {'id': 161261, 'name': 'demonic possession'}, {'id': 173099, 'name': 'indian burial ground'}, {'id': 214549, 'name': 'short'}]
58559	4.15755102040816	[{'id': 187056, 'name': 'woman director'}]
2324	4.13204951856946	[{'id': 10183, 'name': 'independent film'}]
48780	4.09360374414977	[]
7153	4.11658195679797	
86345	4.15789473684211	
1209	4.11006289308176	
1288	4.09942638623327	
2203	4.09090909090909	
86504	4.13380281690141	
3307	4.11585365853659	
1299	4.12660944206009	
1178	4.2755905511811	
34405	4.08288043478261	
1222	4.06841432225064	
92259	4.14102564102564	
7669	4.10843373493976	
5008	4.22950819672131	
1207	4.17350746268657	
142488	4.09917355371901	
1225	4.06889204545455	
5782	4.10687022900763	
4406	4.14393939393939	
47	4.06906077348066	
2329	4.18854166666667	
66934	4.07608695652174	
1219	4.09090909090909	
1201	4.13097345132743	
2732	4.10483870967742	
2070	4.09649122807018	
80906	4.06521739130435	
1232	4.29285714285714	
1276	4.13647342995169	
2858	4.13792102206736	
3196	4.255	
1131	4.1504854368932	
7327	4.17647058823529	
3435	4.31547619047619	
1203	4.23253493013972	
1136	4.15357142857143	
1148	4.16979166666667	
27773	4.07038123167155	
1233	4.14790286975717	
8638	4.08461538461538	
2208	4.13709677419355	
3814	4.11111111111111	
1224	4.1015037593985	
5952	4.08083067092652	
2571	4.18355235269182	
48516	4.12106703146375	
86377	4.06779661016949	
116897	4.39423076923077	
1198	4.10521932259856	
79132	4.15495495495496	
3198	4.1038961038961	
3334	4.07142857142857	
50	4.30401319406267	
1132	4.08910891089109	
1197	4.08305921052632	
8228	4.08426966292135	
1234	4.15277777777778	
109487	4.10614035087719	
1221	4.25022104332449	
55908	4.16666666666667	
7099	4.08766233766234	
3462	4.10869565217391	
1217	4.19578313253012	
904	4.24803149606299	
30749	4.075	
1147	4.09583333333333	
1204	4.14988814317673	
1214	4.08161434977578	
5690	4.10227272727273	
2726	4.15753424657534	
1196	4.14035560344828	
1797	4.1304347826087	
6669	4.14423076923077	
1256	4.06875	
1617	4.075	
3468	4.13868613138686	
3629	4.23584905660377	
96829	4.13855421686747	
1218	4.11585365853659	
3000	4.19559585492228	
1193	4.25548334687246	
27846	4.21428571428571	
1212	4.24074074074074	
1228	4.09401709401709	
1208	4.1348182883939	
908	4.23869801084991	
8154	4.11764705882353	
